instance_option,cost_structure,dissipate_option,absorbing_option,k_init,Ni,Nj,tau,safe_time,obj,CI,time
,,,,,,,,,,,
0,0,1,1,57,3,10,0.05,0,652.9034492891506,74.79925439464296,8.2189610004425050,0,1,1,57,3,10,0.05,0,652.9034492891506,74.79925439464296,5.492678880691528
0,0,1,1,57,3,10,0.05,0,652.9034492891506,74.79925439464296,5.444983005523682
-1,1,1,1,57,3,10,5.0,2,1032.1591214683974,139.99441281260636,4.565833806991577
