instance_option,cost_structure,dissipate_option,absorbing_option,k_init,Ni,Nj,tau,safe_time,obj,CI,train_time,test_time
,,,,,,,,,,,,
0,0,1,1,57,3,10,0.05,0,674.4058326750171,77.19836199538429,61.96696972846985,0.478445053100585940,0,1,1,57,3,10,0.05,0,675.9916955986954,77.26299192199417,46.99075102806091,0.36136817932128906
0,0,1,1,57,3,10,0.05,0,676.1190849983927,77.26989204523431,49.73492121696472,0.38278794288635254
-1,1,1,1,57,3,10,5.0,2,1949.0153557709875,257.2754525557575,21.761250019073486,0.6299288272857666
