instance_option,cost_structure,dissipate_option,absorbing_option,k_init,Ni,Nj,tau,safe_time,,,,,,,,,,,,,,,,,,,,,,,,,,,,,,
0,0,1,1,57,3,10,0.05,2,0,0,1.520643435,15.70329134,33.39387403,25.79411435,3.885350049,0,0,0.033,0.24,0.333,0.184,0.036,0,0,46.08010408,65.43038058,100.281904,140.1854041,107.9263902,0,0,0,0,0,0,0,7.16473321,0.36027258