instance_option,cost_structure,dissipate_option,absorbing_option,k_init,Ni,Nj,tau,safe_time,obj,CI,time
,,,,,,,,,,,
0,0,1,1,57,3,10,0.05,0,4115.644051318675,84.04773101881902,288.643440246582030,0,1,1,57,3,10,0.05,0,4115.644051318675,84.04773101881902,255.65706515312195
0,0,1,1,57,3,10,0.05,0,4115.644051318675,84.04773101881902,250.29500436782837
-1,1,1,1,57,3,10,5.0,2,3425.6225497344517,447.45574315279924,293.0049409866333
