instance_option,cost_structure,dissipate_option,absorbing_option,k_init,Ni,Nj,tau,safe_time,obj,CI,train_time,test_time
,,,,,,,,,,,,
0,0,1,1,57,3,10,0.05,0,4810.062959,593.7837195,1.378061771,0.1797907350,0,1,1,57,3,10,0.05,0,4810.062959405766,593.7837195156727,1.2048640251159668,0.1653881072998047
0,0,1,1,57,3,10,0.05,0,4810.062959405766,593.7837195156727,1.1920278072357178,0.16984081268310547
-1,1,1,1,57,3,10,5.0,2,17512.377574121147,2231.1736241482276,0.21572017669677734,0.16852617263793945
