instance_option,dissipate_option,absorbing_option,k_init,Ni,Nj,tau,obj,CI,train_time,test_time

0,1,1,57,3,10,0.05,674.3643085001064,77.28170387216403,71.9165608882904,0.061048030853271484
