instance_option,cost_structure,dissipate_option,absorbing_option,k_init,Ni,Nj,tau,safe_time,obj,CI,train_time,test_time
,,,,,,,,,,,,
0,0,1,1,57,3,10,0.05,0,674.3643085,77.28170387,71.91656089,0.0610480310,0,1,1,57,3,10,0.05,0,674.3643085001064,77.28170387216403,65.10347890853882,0.12181210517883301
0,0,1,1,57,3,10,0.05,0,674.3643085001064,77.28170387216403,63.493571043014526,0.12885308265686035
-1,1,1,1,57,3,10,5.0,2,3425.6225497344517,447.4557431527992,5.954485893249512,0.08290386199951172
-1,1,1,1,57,3,10,5.0,2,3425.6225497344517,447.4557431527992,6.065001010894775,0.09286904335021973
